{
  "BA80a": {
    "avg_vs_r": {
      "rmse_ratio": 0.03055719021636462,
      "improvement_percentage": 96.94428097836354,
      "absolute_difference": -5.130597550512984
    },
    "avg_vs_rr": {
      "rmse_ratio": 0.03055719021636462,
      "improvement_percentage": 96.94428097836354,
      "absolute_difference": -5.130597550512984
    },
    "r_vs_avg": {
      "rmse_ratio": 32.72552197762147,
      "improvement_percentage": -3172.5521977621465,
      "absolute_difference": 5.130597550512984
    },
    "r_vs_rr": {
      "rmse_ratio": 1.0,
      "improvement_percentage": 0.0,
      "absolute_difference": 0.0
    },
    "rr_vs_avg": {
      "rmse_ratio": 32.72552197762147,
      "improvement_percentage": -3172.5521977621465,
      "absolute_difference": 5.130597550512984
    },
    "rr_vs_r": {
      "rmse_ratio": 1.0,
      "improvement_percentage": 0.0,
      "absolute_difference": 0.0
    }
  },
  "Charm": {
    "avg_vs_r": {
      "rmse_ratio": 0.2744732729183208,
      "improvement_percentage": 72.55267270816792,
      "absolute_difference": -1.907191815534949
    },
    "avg_vs_rr": {
      "rmse_ratio": 0.2744732729183208,
      "improvement_percentage": 72.55267270816792,
      "absolute_difference": -1.907191815534949
    },
    "r_vs_avg": {
      "rmse_ratio": 3.643341988702795,
      "improvement_percentage": -264.3341988702795,
      "absolute_difference": 1.907191815534949
    },
    "r_vs_rr": {
      "rmse_ratio": 1.0,
      "improvement_percentage": 0.0,
      "absolute_difference": 0.0
    },
    "rr_vs_avg": {
      "rmse_ratio": 3.643341988702795,
      "improvement_percentage": -264.3341988702795,
      "absolute_difference": 1.907191815534949
    },
    "rr_vs_r": {
      "rmse_ratio": 1.0,
      "improvement_percentage": 0.0,
      "absolute_difference": 0.0
    }
  },
  "BA6": {
    "avg_vs_r": {
      "rmse_ratio": 0.042231072910229116,
      "improvement_percentage": 95.77689270897709,
      "absolute_difference": -2.846309487142513
    },
    "avg_vs_rr": {
      "rmse_ratio": 0.042231072910229116,
      "improvement_percentage": 95.77689270897709,
      "absolute_difference": -2.846309487142513
    },
    "r_vs_avg": {
      "rmse_ratio": 23.679246845698355,
      "improvement_percentage": -2267.9246845698353,
      "absolute_difference": 2.846309487142513
    },
    "r_vs_rr": {
      "rmse_ratio": 1.0,
      "improvement_percentage": 0.0,
      "absolute_difference": 0.0
    },
    "rr_vs_avg": {
      "rmse_ratio": 23.679246845698355,
      "improvement_percentage": -2267.9246845698353,
      "absolute_difference": 2.846309487142513
    },
    "rr_vs_r": {
      "rmse_ratio": 1.0,
      "improvement_percentage": 0.0,
      "absolute_difference": 0.0
    }
  },
  "Dumpareaa": {
    "avg_vs_r": {
      "rmse_ratio": 0.012741704463353034,
      "improvement_percentage": 98.7258295536647,
      "absolute_difference": -2.883244871535916
    },
    "avg_vs_rr": {
      "rmse_ratio": 0.012741704463353034,
      "improvement_percentage": 98.7258295536647,
      "absolute_difference": -2.883244871535916
    },
    "r_vs_avg": {
      "rmse_ratio": 78.48243560162167,
      "improvement_percentage": -7748.243560162167,
      "absolute_difference": 2.883244871535916
    },
    "r_vs_rr": {
      "rmse_ratio": 1.0,
      "improvement_percentage": 0.0,
      "absolute_difference": 0.0
    },
    "rr_vs_avg": {
      "rmse_ratio": 78.48243560162167,
      "improvement_percentage": -7748.243560162167,
      "absolute_difference": 2.883244871535916
    },
    "rr_vs_r": {
      "rmse_ratio": 1.0,
      "improvement_percentage": 0.0,
      "absolute_difference": 0.0
    }
  },
  "BA80b": {
    "avg_vs_r": {
      "rmse_ratio": 1.0464188769683715,
      "improvement_percentage": -4.641887696837157,
      "absolute_difference": 0.01653894009070661
    },
    "avg_vs_rr": {
      "rmse_ratio": 1.0464188769683715,
      "improvement_percentage": -4.641887696837157,
      "absolute_difference": 0.01653894009070661
    },
    "r_vs_avg": {
      "rmse_ratio": 0.9556402526846096,
      "improvement_percentage": 4.435974731539042,
      "absolute_difference": -0.01653894009070661
    },
    "r_vs_rr": {
      "rmse_ratio": 1.0,
      "improvement_percentage": 0.0,
      "absolute_difference": 0.0
    },
    "rr_vs_avg": {
      "rmse_ratio": 0.9556402526846096,
      "improvement_percentage": 4.435974731539042,
      "absolute_difference": -0.01653894009070661
    },
    "rr_vs_r": {
      "rmse_ratio": 1.0,
      "improvement_percentage": 0.0,
      "absolute_difference": 0.0
    }
  },
  "BA5a": {
    "avg_vs_r": {
      "rmse_ratio": 0.020945747305374747,
      "improvement_percentage": 97.90542526946253,
      "absolute_difference": -6.878186287028058
    },
    "avg_vs_rr": {
      "rmse_ratio": 0.020945747305374747,
      "improvement_percentage": 97.90542526946253,
      "absolute_difference": -6.878186287028058
    },
    "r_vs_avg": {
      "rmse_ratio": 47.74238824810976,
      "improvement_percentage": -4674.238824810976,
      "absolute_difference": 6.878186287028058
    },
    "r_vs_rr": {
      "rmse_ratio": 1.0,
      "improvement_percentage": 0.0,
      "absolute_difference": 0.0
    },
    "rr_vs_avg": {
      "rmse_ratio": 47.74238824810976,
      "improvement_percentage": -4674.238824810976,
      "absolute_difference": 6.878186287028058
    },
    "rr_vs_r": {
      "rmse_ratio": 1.0,
      "improvement_percentage": 0.0,
      "absolute_difference": 0.0
    }
  }
}