group,avg_mean,avg_std,avg_rmse,avg_max,r_mean,r_std,r_rmse,r_max,rr_mean,rr_std,rr_rmse,rr_max
BA80a,1.3567683731367646,0.9878671388226756,1.678015114776367,2.9971440919464767,6.715033577404556,5.287177948626544,8.545070023095862,17.223086731252838,6.715033577404556,5.287177948626544,8.545070023095862,17.223086731252838
Charm,0.8549533877067009,0.2991495228929758,0.9057006590952037,1.3536458204108621,7.498191072083522,4.302607630733827,8.64325846912786,12.1927452213283,7.498191072083522,4.302607630733827,8.64325846912786,12.1927452213283
Dumpareaa,0.192738739532774,0.10922297370881634,0.22143663048732234,0.3955231259568545,3.158004408638639,2.1796973534864432,3.8349275315589426,7.410226767647166,3.158004408638639,2.1796973534864432,3.8349275315589426,7.410226767647166
BA80b,0.4783504140180468,0.1451878972390228,0.4998635513920049,0.7141402684560273,0.5314454090088494,0.42138678727652196,0.6780159253002874,1.5272464874613019,0.5314454090088494,0.42138678727652196,0.6780159253002874,1.5272464874613019
final_poses,,,,,,,,,,,,
BA5a,2.0360701211498546,1.1746726585980223,2.3504238524885306,4.325125714964985,16.62800019261562,10.509392329927689,19.668809539363576,35.31892483051832,16.62800019261562,10.509392329927689,19.668809539363576,35.31892483051832
BIA6,0.4573669422252674,0.2827777005600375,0.5376626374886346,0.9306465872193842,11.848066034043601,7.427229481660207,13.981932510880695,26.784571721879143,11.848066034043601,7.427229481660207,13.981932510880695,26.784571721879143
