{
  "BA80a": {
    "avg": {
      "matrix": [
        [
          0.999801871840234,
          -0.01990520195234469,
          0.0169442034929137
        ],
        [
          0.01990520195234469,
          0.9998018718402342,
          -0.03374890289034638
        ],
        [
          0.0,
          0.0,
          1.0
        ]
      ],
      "rotation": [
        [
          0.999801871840234,
          -0.01990520195234469
        ],
        [
          0.01990520195234469,
          0.9998018718402342
        ]
      ],
      "translation": [
        0.0169442034929137,
        -0.03374890289034638
      ]
    },
    "r": {
      "matrix": [
        [
          0.7396262577076644,
          -0.6730178295627505,
          3.019909535483553
        ],
        [
          0.6730178295627505,
          0.7396262577076642,
          -3.25327130403102
        ],
        [
          0.0,
          0.0,
          1.0
        ]
      ],
      "rotation": [
        [
          0.7396262577076644,
          -0.6730178295627505
        ],
        [
          0.6730178295627505,
          0.7396262577076642
        ]
      ],
      "translation": [
        3.019909535483553,
        -3.25327130403102
      ]
    },
    "rr": {
      "matrix": [
        [
          0.7396262577076644,
          -0.6730178295627505,
          3.019909535483553
        ],
        [
          0.6730178295627505,
          0.7396262577076642,
          -3.25327130403102
        ],
        [
          0.0,
          0.0,
          1.0
        ]
      ],
      "rotation": [
        [
          0.7396262577076644,
          -0.6730178295627505
        ],
        [
          0.6730178295627505,
          0.7396262577076642
        ]
      ],
      "translation": [
        3.019909535483553,
        -3.25327130403102
      ]
    }
  },
  "Charm": {
    "avg": {
      "matrix": [
        [
          0.995681391378219,
          -0.0928362367997201,
          0.18486142678849005
        ],
        [
          0.09283623679972015,
          0.9956813913782189,
          -0.11183568116292397
        ],
        [
          0.0,
          0.0,
          1.0
        ]
      ],
      "rotation": [
        [
          0.995681391378219,
          -0.0928362367997201
        ],
        [
          0.09283623679972015,
          0.9956813913782189
        ]
      ],
      "translation": [
        0.18486142678849005,
        -0.11183568116292397
      ]
    },
    "r": {
      "matrix": [
        [
          0.9370340236077781,
          0.34923808297695436,
          1.5800999872412356
        ],
        [
          -0.3492380829769544,
          0.9370340236077782,
          -1.0505119188689271
        ],
        [
          0.0,
          0.0,
          1.0
        ]
      ],
      "rotation": [
        [
          0.9370340236077781,
          0.34923808297695436
        ],
        [
          -0.3492380829769544,
          0.9370340236077782
        ]
      ],
      "translation": [
        1.5800999872412356,
        -1.0505119188689271
      ]
    },
    "rr": {
      "matrix": [
        [
          0.9370340236077781,
          0.34923808297695436,
          1.5800999872412356
        ],
        [
          -0.3492380829769544,
          0.9370340236077782,
          -1.0505119188689271
        ],
        [
          0.0,
          0.0,
          1.0
        ]
      ],
      "rotation": [
        [
          0.9370340236077781,
          0.34923808297695436
        ],
        [
          -0.3492380829769544,
          0.9370340236077782
        ]
      ],
      "translation": [
        1.5800999872412356,
        -1.0505119188689271
      ]
    }
  },
  "BA6": {
    "avg": {
      "matrix": [
        [
          0.9999987976878069,
          -0.0015506846685423127,
          0.00940407557383871
        ],
        [
          0.001550684668542287,
          0.999998797687807,
          -0.05295984932241948
        ],
        [
          0.0,
          0.0,
          1.0
        ]
      ],
      "rotation": [
        [
          0.9999987976878069,
          -0.0015506846685423127
        ],
        [
          0.001550684668542287,
          0.999998797687807
        ]
      ],
      "translation": [
        0.00940407557383871,
        -0.05295984932241948
      ]
    },
    "r": {
      "matrix": [
        [
          0.9548296860471317,
          -0.2971536145550559,
          2.3356307922956416
        ],
        [
          0.29715361455505584,
          0.954829686047132,
          -1.1520276233487512
        ],
        [
          0.0,
          0.0,
          1.0
        ]
      ],
      "rotation": [
        [
          0.9548296860471317,
          -0.2971536145550559
        ],
        [
          0.29715361455505584,
          0.954829686047132
        ]
      ],
      "translation": [
        2.3356307922956416,
        -1.1520276233487512
      ]
    },
    "rr": {
      "matrix": [
        [
          0.9548296860471317,
          -0.2971536145550559,
          2.3356307922956416
        ],
        [
          0.29715361455505584,
          0.954829686047132,
          -1.1520276233487512
        ],
        [
          0.0,
          0.0,
          1.0
        ]
      ],
      "rotation": [
        [
          0.9548296860471317,
          -0.2971536145550559
        ],
        [
          0.29715361455505584,
          0.954829686047132
        ]
      ],
      "translation": [
        2.3356307922956416,
        -1.1520276233487512
      ]
    }
  },
  "Dumpareaa": {
    "avg": {
      "matrix": [
        [
          0.9999063502384227,
          -0.013685421180091948,
          0.004522648521359862
        ],
        [
          0.013685421180091832,
          0.9999063502384228,
          -0.01441482243398684
        ],
        [
          0.0,
          0.0,
          1.0
        ]
      ],
      "rotation": [
        [
          0.9999063502384227,
          -0.013685421180091948
        ],
        [
          0.013685421180091832,
          0.9999063502384228
        ]
      ],
      "translation": [
        0.004522648521359862,
        -0.01441482243398684
      ]
    },
    "r": {
      "matrix": [
        [
          0.9389435847296335,
          -0.34407113319060295,
          0.06551301795914455
        ],
        [
          0.344071133190603,
          0.9389435847296335,
          -1.0747746214420193
        ],
        [
          0.0,
          0.0,
          1.0
        ]
      ],
      "rotation": [
        [
          0.9389435847296335,
          -0.34407113319060295
        ],
        [
          0.344071133190603,
          0.9389435847296335
        ]
      ],
      "translation": [
        0.06551301795914455,
        -1.0747746214420193
      ]
    },
    "rr": {
      "matrix": [
        [
          0.9389435847296335,
          -0.34407113319060295,
          0.06551301795914455
        ],
        [
          0.344071133190603,
          0.9389435847296335,
          -1.0747746214420193
        ],
        [
          0.0,
          0.0,
          1.0
        ]
      ],
      "rotation": [
        [
          0.9389435847296335,
          -0.34407113319060295
        ],
        [
          0.344071133190603,
          0.9389435847296335
        ]
      ],
      "translation": [
        0.06551301795914455,
        -1.0747746214420193
      ]
    }
  },
  "BA80b": {
    "avg": {
      "matrix": [
        [
          0.9924184107699261,
          -0.12290523977802481,
          0.11631913562104357
        ],
        [
          0.12290523977802477,
          0.9924184107699261,
          0.10206669988575667
        ],
        [
          0.0,
          0.0,
          1.0
        ]
      ],
      "rotation": [
        [
          0.9924184107699261,
          -0.12290523977802481
        ],
        [
          0.12290523977802477,
          0.9924184107699261
        ]
      ],